<?xml version="1.0" encoding="UTF-8"?>
<project-private xmlns="http://www.netbeans.org/ns/project-private/1">
    <editor-bookmarks xmlns="http://www.netbeans.org/ns/editor-bookmarks/2" lastBookmarkId="0"/>
    <open-files xmlns="http://www.netbeans.org/ns/projectui-open-files/2">
        <group>
            <file>file:/E:/Dropbox/Facultad/3º/2º%20Cuatrimestre/Sistemas%20Multimedia/Practicas/Practica8/Practica8/src/paintbasico2d/Lienzo.java</file>
            <file>file:/E:/Dropbox/Facultad/3º/2º%20Cuatrimestre/Sistemas%20Multimedia/Practicas/Practica8/Practica8/src/paintbasico2d/VentanaInterna.java</file>
            <file>file:/E:/Dropbox/Facultad/3º/2º%20Cuatrimestre/Sistemas%20Multimedia/Practicas/Practica8/Practica8/src/paintbasico2d/VentanaPrincipal.java</file>
        </group>
    </open-files>
</project-private>
